﻿mode,constraint_id,type,group_name,group_id,timeslot,consecutive_hours,classes,subjects,teachers,note,created_at
,1391,specific,,,水6,,1年1組 / 1年2組 / 1年3組 / 1年4組 / 2年1組 / 2年2組 / 2年3組 / 3年1組 / 3年2組 / 3年3組,3LHR3 / 1LHR1 / 2LHR1 / 1LHR3 / 1LHR2 / 2LHR2 / 1LHR4 / 3LHR2 / 3LHR1 / 2LHR3,,,2026-01-31 08:10:29
,1392,consecutive,,,,2,1年1組 / 1年2組,1音Ⅰa / 1書Ⅰa / 1美Ⅰa,,,2026-01-31 08:10:29
,1393,consecutive,,,,2,1年3組 / 1年4組,1音Ⅰb / 1書Ⅰb / 1美Ⅰb,,,2026-01-31 08:10:29
,1394,consecutive,,,,2,1年1組 / 1年2組 / 1年3組 / 1年4組 / 2年1組 / 2年2組 / 2年3組,1産社1① / 2総探1①,,,2026-01-31 08:12:36
