﻿mode,constraint_id,type,group_name,group_id,timeslot,consecutive_hours,classes,subjects,teachers,note,created_at
,1353,consecutive,,,,2,1-A,美術Ⅰ,,,2026/2/18 6:25
,1356,consecutive,,,,2,1-B,書道Ⅰ,,,2026/2/18 7:08
,1357,consecutive,,,,3,3-A,課題研究,,(コピー),2026/2/18 7:08
,1358,consecutive,,,,2,3-A,総合実習,,(コピー) (コピー),2026/2/18 7:28
,1359,consecutive,,,,2,3-A,食品製造,,(コピー) (コピー) (コピー),2026/2/18 7:29
,1360,consecutive,,,,2,3-A,地域農業経営,,(コピー) (コピー) (コピー) (コピー),2026/2/18 7:29
,1361,consecutive,,,,2,2-A,野菜2,,(コピー) (コピー) (コピー) (コピー) (コピー),2026/2/18 7:30
,1362,consecutive,,,,2,2-A,野菜1,,(コピー) (コピー) (コピー) (コピー) (コピー) (コピー),2026/2/18 7:32
,1363,consecutive,,,,2,2-A,総合実習,,(コピー) (コピー) (コピー) (コピー) (コピー) (コピー) (コピー),2026/2/18 7:32
,1364,consecutive,,,,2,2-A,地域農業実践,,(コピー) (コピー) (コピー) (コピー) (コピー) (コピー) (コピー) (コピー),2026/2/18 7:33
,1365,consecutive,,,,2,3-A,地域資源活用a,,(コピー) (コピー) (コピー) (コピー) (コピー) (コピー) (コピー) (コピー) (コピー),2026/2/18 7:34
,1366,consecutive,,,,2,1-A,総合実習,,(コピー) (コピー) (コピー) (コピー) (コピー) (コピー) (コピー) (コピー) (コピー) (コピー),2026/2/18 7:37
,1367,consecutive,,,,2,1-A,農業と環境a,,(コピー) (コピー) (コピー) (コピー) (コピー) (コピー) (コピー) (コピー) (コピー) (コピー) (コピー),2026/2/18 7:37
,1368,consecutive,,,,2,1-A,農業と環境b,,(コピー) (コピー) (コピー) (コピー) (コピー) (コピー) (コピー) (コピー) (コピー) (コピー) (コピー) (コピー),2026/2/18 7:37
,1369,specific,,,水6,,1-A / 1-B / 2-A / 2-B / 3-A / 3-B,ＬＨＲ,,,2026/2/18 7:39
