﻿,group_name,class_name,subject_name,teacher_name,weekly_classes
1,,1-A,現代の国語,国語教員1,2
2,,1-A,言語文化,国語教員1,2
3,,1-B,ＬＨＲ,国語教員2,1
4,,1-B,現代の国語,国語教員2,2
5,,1-B,言語文化,国語教員2,3
6,情報ⅠＡ,1-A,情報Ⅰ,社会教員1,2
7,,1-B,公共,社会教員2,2
8,,1-A,公共,社会教員2,2
9,数Ⅰ１Ａ,1-A,数学Ⅰ,数学教員1,3
10,数Ａ１Ｂ,1-B,数学Ａ,数学教員1,2
11,数Ⅰ１Ａ,1-A,数学Ⅰ,数学教員2,3
12,数Ⅰ１Ｂ,1-B,数学Ⅰ,数学教員2,3
13,数Ⅰ１Ｂ,1-B,数学Ⅰ,数学教員4,3
14,数Ａ１Ｂ,1-B,数学Ａ,数学教員4,2
15,情報ⅠＢ,1-B,情報Ⅰ,理科教員1,2
16,,1-B,化学基礎,理科教員1,2
17,,1-A,化学基礎,理科教員1,2
18,情報ⅠＡ,1-A,情報Ⅰ,情報教員1,2
19,情報ⅠＢ,1-B,情報Ⅰ,情報教員1,2
20,芸Ⅰa,1-A,書道Ⅰ,書道教員1,2
21,芸Ⅰb,1-B,書道Ⅰ,書道教員1,2
22,芸Ⅰa,1-A,美術Ⅰ,美術教員1,2
23,芸Ⅰb,1-B,美術Ⅰ,美術教員1,2
24,芸Ⅰa,1-A,音楽Ⅰ,音楽教員1,2
25,芸Ⅰb,1-B,音楽Ⅰ,音楽教員1,2
26,体１Ａ１,1-A,体育ｱ,体育教員1,1
27,体１Ａ１,1-A,体育ｱ,体育教員2,1
28,総探１,1-B,総合的な探究の時間,体育教員1,1
29,体１Ａ２,1-A,体育ｲ,体育教員2,1
30,体１Ａ２,1-A,体育ｲ,体育教員3,1
31,体１Ａ３,1-A,体育ｳ,体育教員3,1
32,,1-B,保健,体育教員1,1
33,,1-A,保健,体育教員1,1
34,体１Ａ３,1-A,体育ｳ,体育教員4,1
35,体１Ｂ１,1-B,体育ｱ,体育教員2,1
36,体１Ｂ１,1-B,体育ｱ,体育教員4,1
37,体１Ｂ２,1-B,体育ｲ,体育教員1,1
38,体１Ｂ２,1-B,体育ｲ,体育教員3,1
39,体１Ｂ３,1-B,体育ｳ,体育教員3,1
40,体１Ｂ３,1-B,体育ｳ,体育教員4,1
41,家基Ａ,1-A,家庭基礎,家庭教員1,1
42,家基Ａ４,1-A,家庭基礎４,家庭教員1,1
43,家基B,1-B,家庭基礎,家庭教員1,1
44,家基Ｂ４,1-B,家庭基礎４,家庭教員1,1
45,家基Ａ,1-A,家庭基礎,家庭教員2,1
46,家基Ａ４,1-A,家庭基礎４,家庭教員2,1
47,家基B,1-B,家庭基礎,家庭教員2,1
48,家基Ｂ４,1-B,家庭基礎４,家庭教員2,1
49,家基Ａ４,1-A,家庭基礎４,家庭教員3,1
50,家基Ｂ４,1-B,家庭基礎４,家庭教員3,1
51,英コミⅠ１Ｂ,1-B,英語コミュニケーションⅠ,英語教員1,3
52,英コミⅠ１Ａ,1-A,英語コミュニケーションⅠ,英語教員2,3
53,英コミⅠ１Ｂ,1-B,英語コミュニケーションⅠ,英語教員2,3
54,総探１,1-B,総合的な探究の時間,英語教員2,1
55,論理表現Ⅰ１B,1-B,論理・表現Ⅰ,英語教員2,2
56,英コミⅠ１Ａ,1-A,英語コミュニケーションⅠ,英語教員4,3
57,論理表現Ⅰ１B,1-B,論理・表現Ⅰ,英語教員4,2
58,総実１,1-A,総合実習,農業教員1,2
59,農環a,1-A,農業と環境a,農業教員1,2
60,農環b,1-A,農業と環境b,農業教員1,2
61,総実１,1-A,総合実習,農業教員2,2
62,総実１,1-A,総合実習,農業教員4,2
63,農環a,1-A,農業と環境a,農業教員4,2
64,農環b,1-A,農業と環境b,農業教員4,2
65,,1-A,ＬＨＲ,農業教員4,1
66,農環a,1-A,農業と環境a,農業教員5,2
67,農環b,1-A,農業と環境b,農業教員5,2
68,総実１,1-A,総合実習,農業教員6,2
69,農環a,1-A,農業と環境a,農業教員6,2
70,農環b,1-A,農業と環境b,農業教員6,2
71,総実１,1-A,総合実習,農業教員7,2
72,総探２,2-B,総合的な探究の時間,国語教員1,1
73,,2-B,古典探究,国語教員1,2
74,文国化学,2-B,文学国語,国語教員2,2
75,,2-A,論理国語,国語教員2,3
76,,2-B,論理国語,国語教員2,2
77,総探２,2-B,総合的な探究の時間,社会教員1,1
78,,2-B,地理総合,社会教員1,2
79,,2-B,歴史総合,社会教員2,2
80,,2-A,歴史総合,社会教員2,2
81,数Ⅱ２Ｂ,2-B,数学Ⅱ,数学教員1,4
82,数Ａ2A,2-A,数学Ａ,数学教員1,2
83,数芸ラ,2-B,数学B,数学教員2,2
84,数Ⅱ２Ｂ,2-B,数学Ⅱ,数学教員3,4
85,数Ａ2A,2-A,数学Ａ,数学教員3,2
86,物地Ｂ,2-B,物理基礎,理科教員1,2
87,文国化学,2-B,化学,理科教員1,2
88,,2-A,地学基礎,理科教員1,2
89,物地Ｂ,2-B,地学基礎,理科教員2,2
90,総探２,2-B,総合的な探究の時間,理科教員2,1
91,,2-A,2A生物基礎,理科教員2,2
92,,2-B,2B生物基礎,理科教員2,2
93,芸ⅡＡ倫,2-A,書道Ⅱ,書道教員1,2
94,芸ⅡＡ倫,2-A,美術Ⅱ,美術教員1,2
95,芸ⅡＡ倫,2-A,音楽Ⅱ,音楽教員1,2
96,体２A1,2-A,体育ｱ,体育教員2,1
97,体２A1,2-A,体育ｱ,体育教員3,1
98,体２A2,2-A,体育ｲ,体育教員1,1
99,体２A2,2-A,体育ｲ,体育教員4,1
100,体２A3,2-A,体育ｳ,体育教員3,1
101,体２A3,2-A,体育ｳ,体育教員4,1
102,体２Bsf,2-B,体育ｱ,体育教員3,1
103,体２Bsf,2-B,体育ｱ,体育教員4,1
104,,2-B,保健,体育教員3,1
105,,2-A,保健,体育教員3,1
106,体２Ｂts,2-B,体育ｲ,体育教員2,1
107,体２Ｂts,2-B,体育ｲ,体育教員3,1
108,総探２,2-B,総合的な探究の時間,家庭教員1,1
109,数芸ラ,2-B,ライフデザイン,家庭教員2,2
110,数芸ラ,2-B,ライフデザイン,家庭教員3,2
111,英コミⅡ２Ａ,2-A,英語コミュニケーションⅡ,英語教員1,2
112,英コミⅡ２Ｂ,2-B,英語コミュニケーションⅡ,英語教員1,4
113,論理・表現Ⅱ２B,2-B,論理・表現Ⅱ,英語教員1,2
114,,2-B,ＬＨＲ,英語教員1,1
115,英コミⅡ２Ｂ,2-B,英語コミュニケーションⅡ,英語教員3,4
116,論理・表現Ⅰ２A,2-A,論理・表現Ⅰ,英語教員3,1
117,英コミⅡ２Ａ,2-A,英語コミュニケーションⅡ,英語教員4,2
118,論理・表現Ⅰ２A,2-A,論理・表現Ⅰ,英語教員5,1
119,論理・表現Ⅱ２B,2-B,論理・表現Ⅱ,英語教員5,2
120,栽環境技術,2-A,栽培技術,農業教員1,2
121,総実２,2-A,総合実習,農業教員1,2
122,地農六次,2-A,地域農業実践,農業教員1,2
123,栽環境技術,2-A,栽培と環境,農業教員2,2
124,総実２,2-A,総合実習,農業教員2,2
125,野菜食品製造,2-A,野菜1,農業教員2,2
126,野菜畜産,2-A,野菜2,農業教員2,2
127,地農六次,2-A,六次産業研究,農業教員3,2
128,野菜食品製造,2-A,食品製造,農業教員3,2
129,,2-A,ＬＨＲ,農業教員3,1
130,総実２,2-A,総合実習,農業教員4,2
131,野菜畜産,2-A,畜産,農業教員4,2
132,栽環境技術,2-A,栽培技術,農業教員5,2
133,総実２,2-A,総合実習,農業教員5,2
134,地農六次,2-A,地域農業実践,農業教員5,2
135,総実２,2-A,総合実習,農業教員6,2
136,野菜食品製造,2-A,食品製造,農業教員6,2
137,野菜畜産,2-A,畜産,農業教員6,2
138,栽環境技術,2-A,栽培と環境,農業教員7,2
139,総実２,2-A,総合実習,農業教員7,2
140,地農六次,2-A,六次産業研究,農業教員7,2
141,野菜食品製造,2-A,野菜1,農業教員7,2
142,野菜畜産,2-A,野菜2,農業教員7,2
143,英コミⅢ３B,3-B,英語コミュニケーションⅢ,英語教員3,4
144,英コミⅢ３B,3-B,英語コミュニケーションⅢ,英語教員4,4
145,,3-A,論理国語,国語教員1,3
146,手芸発数,3-B,創作手芸,家庭教員1,2
147,手芸発数,3-B,創作手芸,家庭教員2,2
148,手芸発数,3-B,発展数学,数学教員3,2
149,数世数,3-B,数学Ⅲ,数学教員2,3
150,数世数,3-B,数学演習,数学教員1,3
151,,3-A,地理総合,社会教員1,2
152,日フ生,3-A,日本史探究,社会教員2,3
153,相互単ｔ,3-A,政治・経済,社会教員2,2
153,相互単ｔ,3-B,政治・経済,社会教員2,2
154,数世数,3-B,世界史探究,社会教員1,3
155,相互単s,3-B,遠隔物理④,社会教員1,2
155,相互単s,3-A,遠隔物理④,社会教員1,2
156,数演明3,3-A,数学演習,数学教員1,3
157,相互単s,3-B,生物④,理科教員2,2
157,相互単s,3-A,生物④,理科教員2,2
158,相互単s,3-B,発展化学,理科教員1,2
158,相互単s,3-A,発展化学,理科教員1,2
159,数演明3,3-A,数学明解,数学教員2,3
160,相互単ｔ,3-A,遠隔物理⑤,社会教員1,2
160,相互単ｔ,3-B,遠隔物理⑤,社会教員1,2
161,相互単ｔ,3-A,生物⑤,理科教員2,2
161,相互単ｔ,3-B,生物⑤,理科教員2,2
162,相互単ｔ,3-A,発展体育B,体育教員1,2
162,相互単ｔ,3-B,発展体育B,体育教員1,2
163,体３B,3-B,体育ｲ,体育教員1,2
164,体３B,3-B,体育ｲ,体育教員3,2
165,日地３,3-B,地理探究,社会教員1,3
166,日地３,3-B,日本史探究,社会教員2,3
167,日フ生,3-A,生物研究,理科教員2,3
168,発フ数,3-B,フードデザイン,家庭教員1,2
169,発フ数,3-B,フードデザイン,家庭教員2,2
170,発フ数,3-B,フードデザイン,家庭教員3,2
171,発フ数,3-B,数学C①,数学教員2,2
172,相互単s,3-A,創作書道,書道教員1,2
172,相互単s,3-B,創作書道,書道教員1,2
173,相互単s,3-A,絵画創作,美術教員1,2
173,相互単s,3-B,絵画創作,美術教員1,2
174,相互単s,3-A,器楽実習,音楽教員1,2
174,相互単s,3-B,器楽実習,音楽教員1,2
175,発フ数,3-B,発展生物,理科教員2,2
176,相互単ｔ,3-A,発展体育A,体育教員3,2
176,相互単ｔ,3-B,発展体育A,体育教員3,2
177,文数C英化学１,3-B,化学③,理科教員1,2
178,体３Ａ,3-A,体育ｱ,体育教員1,2
179,体３Ａ,3-A,体育ｱ,体育教員3,2
180,文数C英化学１,3-B,文学国語,国語教員1,2
181,文数C英化学２,3-B,英語演習,英語教員5,1
182,文数C英化学２,3-B,化学④,理科教員1,1
183,日フ生,3-A,フードデザイン,家庭教員1,3
184,文数C英化学２,3-B,数学C②,数学教員2,1
185,総探３,3-B,総合的な探究の時間,社会教員2,1
186,総探３,3-B,総合的な探究の時間,理科教員2,1
187,日フ生,3-A,フードデザイン,家庭教員2,3
188,総探３,3-B,総合的な探究の時間,体育教員3,1
189,日フ生,3-A,フードデザイン,家庭教員3,3
190,総探３,3-B,総合的な探究の時間,家庭教員1,1
191,論理・表現Ⅰ３A,3-A,論理・表現Ⅰ,英語教員1,1
192,論表Ⅱ３B,3-B,論理・表現Ⅲ,英語教員2,2
193,英コミⅡ３Ａ,3-A,英語コミュニケーションⅡ,英語教員2,2
194,英コミⅡ３Ａ,3-A,英語コミュニケーションⅡ,英語教員3,2
195,論表Ⅱ３B,3-B,論理・表現Ⅲ,英語教員4,2
196,論理・表現Ⅰ３A,3-A,論理・表現Ⅰ,英語教員3,1
197,,3-A,ＬＨＲ,英語教員3,1
198,,3-B,ＬＨＲ,数学教員2,1
199,,3-B,古典探究,国語教員2,2
200,,3-B,論理国語,国語教員1,2
201,課研３,3-A,課題研究,農業教員1,3
202,総実３,3-A,総合実習,農業教員1,2
203,地域食品,3-A,地域農業経営,農業教員2,2
204,課研３,3-A,課題研究,農業教員2,3
205,総実３,3-A,総合実習,農業教員2,2
206,地域食品,3-A,食品製造,農業教員3,2
207,地域畜産a,3-A,地域資源活用a,農業教員3,2
208,地域畜産b,3-A,地域資源活用b,農業教員3,1
209,課研３,3-A,課題研究,農業教員3,3
210,総実３,3-A,総合実習,農業教員3,2
211,地域畜産a,3-A,畜産a,農業教員4,2
212,地域畜産b,3-A,畜産b,農業教員4,1
213,課研３,3-A,課題研究,農業教員4,3
214,総実３,3-A,総合実習,農業教員4,2
215,地域畜産a,3-A,地域資源活用a,農業教員5,2
216,地域畜産b,3-A,地域資源活用b,農業教員5,1
217,課研３,3-A,課題研究,農業教員5,3
218,総実３,3-A,総合実習,農業教員5,2
219,地域畜産a,3-A,畜産a,農業教員6,2
220,地域畜産b,3-A,畜産b,農業教員6,1
221,課研３,3-A,課題研究,農業教員6,3
222,総実３,3-A,総合実習,農業教員6,2
223,地域食品,3-A,地域農業経営,農業教員7,2
224,課研３,3-A,課題研究,農業教員7,3
225,総実３,3-A,総合実習,農業教員7,2
