﻿mode,constraint_id,type,group_name,group_id,timeslot,consecutive_hours,classes,subjects,teachers,note,created_at
,5,specific,,,水6,,1-A / 1-B / 2-B / 2-A / 3-B / 3-A,ＬＨＲ,,(コピー),2025/11/1 11:12
,6,consecutive,,,,2,2-A,野菜2 / 畜産,,,2025/11/4 9:08
,7,consecutive,,,,2,2-A,総合実習,,,2025/11/4 9:09
,8,consecutive,,,,2,3-A,地域資源活用a / 畜産a,,,2025/11/4 9:10
,9,consecutive,,,,2,2-A,地域農業実践 / 六次産業研究,,,2025/11/4 9:12
,11,consecutive,,,,2,1-A,総合実習,,,2025/11/4 10:19
,12,consecutive,,,,2,2-A,野菜1 / 食品製造,,,2025/11/4 10:52
,14,consecutive,,,,2,1-A,農業と環境a,,,2025/11/4 10:59
,15,consecutive,,,,2,1-A,農業と環境b,,,2025/11/4 11:55
,16,consecutive,,,,2,1-A,書道Ⅰ / 美術Ⅰ / 音楽Ⅰ,,,2025/11/4 11:58
,17,consecutive,,,,2,1-B,書道Ⅰ / 美術Ⅰ / 音楽Ⅰ,,,2025/11/4 12:33
,18,consecutive,,,,2,3-A,地域農業経営,,,2025/11/4 12:44
,19,consecutive,,,,2,3-A,食品製造,,,2025/11/4 12:45
,20,consecutive,,,,2,3-A,総合実習,,,2025/11/4 12:47
,21,consecutive,,,,3,3-A,課題研究,,,2025/11/4 12:48
