﻿順,group_name,class_name,subject_name,teacher_name,weekly_classes
275,１年英ALT1-12,1年1組,1英Aa①,英語教員3,1
286,１年英ALT1-12,1年2組,1英Aa②,英語教員4,1
292,１年英ALT1-12,1年1組,1英Aa①,英語教員5,1
301,１年英ALT1-12,1年2組,1英Aa②,ALT,1
251,１年英ALT1-34,1年3組,1英Ab②,英語教員1,1
264,１年英ALT1-34,1年3組,1英Ab①,英語教員2,1
287,１年英ALT1-34,1年4組,1英Ab②,英語教員4,1
302,１年英ALT1-34,1年4組,1英Ab①,ALT,1
274,１年英コミⅠ1-12,1年2組,1英Ⅰa①,英語教員3,3
284,１年英コミⅠ1-12,1年2組,1英Ⅰa②,英語教員4,3
291,１年英コミⅠ1-12,1年1組,1英Ⅰa,英語教員5,3
250,１年英コミⅠ1-34,1年3組,1英Ⅰb,英語教員1,3
263,１年英コミⅠ1-34,1年4組,1英Ⅰb①,英語教員2,3
285,１年英コミⅠ1-34,1年4組,1英Ⅰb②,英語教員4,3
306,１年家庭基礎１,1年1組,1家庭1,家庭教員1,1
320,１年家庭基礎１,1年1組,1家庭1,家庭教員2,1
307,１年家庭基礎２,1年2組,1家庭2,家庭教員1,1
321,１年家庭基礎２,1年2組,1家庭2,家庭教員2,1
308,１年家庭基礎３,1年3組,1家庭3,家庭教員1,1
322,１年家庭基礎３,1年3組,1家庭3,家庭教員2,1
309,１年家庭基礎４,1年4組,1家庭4,家庭教員1,1
323,１年家庭基礎４,1年4組,1家庭4,家庭教員2,1
214,１年芸術Ⅰ1-12,1年1組,1音Ⅰa,音楽教員1,2
226,１年芸術Ⅰ1-12,1年2組,1書Ⅰa,書道教員1,2
243,１年芸術Ⅰ1-12,1年2組,1美Ⅰa,美術教員2,2
215,１年芸術Ⅰ1-34,1年3組,1音Ⅰb,音楽教員1,2
227,１年芸術Ⅰ1-34,1年4組,1書Ⅰb,書道教員1,2
244,１年芸術Ⅰ1-34,1年4組,1美Ⅰb,美術教員2,2
1,１年現代の国語12,1年2組,1現国a①,国語教員1,2
32,１年現代の国語12,1年1組,1現国a,国語教員4,2
40,１年現代の国語12,1年2組,1現国a②,国語教員5,2
12,１年現代の国語34,1年4組,1現国b①,国語教員2,2
22,１年現代の国語34,1年3組,1現国b,国語教員3,2
41,１年現代の国語34,1年4組,1現国b②,国語教員5,2
64,１年産社１１11,1年1組,1産社1①,社会教員3,2
350,１年産社１１11,1年1組,1産社1②,商業教員1,2
161,１年産社１２21,1年2組,1産社2①,理科教員3,2
310,１年産社１２21,1年2組,1産社2②,家庭教員1,2
114,１年産社１３31,1年3組,1産社3①,数学教員4,2
192,１年産社１３31,1年3組,1産社3②,体育教員3,2
342,１年産社１３31,1年3組,1産社3③,情報教員1,2
181,１年産社１４41,1年4組,1産社4①,体育教員2,2
283,１年産社１４41,1年4組,1産社4②,英語教員4,2
336,１年情報Ⅰ１１ａ,1年1組,1情1a,情報教員1,1
368,１年情報Ⅰ１１ａ,1年1組,1情1a,情報教員2,1
110,１年情報Ⅰ１１ｂ,1年1組,1情1b,数学教員4,1
324,１年情報Ⅰ１１ｂ,1年1組,1情1b,家庭教員2,1
337,１年情報Ⅰ１２ａ,1年2組,1情2a,情報教員1,1
369,１年情報Ⅰ１２ａ,1年2組,1情2a,情報教員2,1
111,１年情報Ⅰ１２ｂ,1年2組,1情2b,数学教員4,1
325,１年情報Ⅰ１２ｂ,1年2組,1情2b,家庭教員2,1
338,１年情報Ⅰ１３ａ,1年3組,1情3a,情報教員1,1
370,１年情報Ⅰ１３ａ,1年3組,1情3a,情報教員2,1
112,１年情報Ⅰ１３ｂ,1年3組,1情3b,数学教員4,1
340,１年情報Ⅰ１３ｂ,1年3組,1情3b,情報教員1,1
339,１年情報Ⅰ１４ａ,1年4組,1情4a,情報教員1,1
371,１年情報Ⅰ１４ａ,1年4組,1情4a,情報教員2,1
113,１年情報Ⅰ１４ｂ,1年4組,1情4b,数学教員4,1
341,１年情報Ⅰ１４ｂ,1年4組,1情4b,情報教員1,1
74,１年数学Ⅰ1-12,1年1組,1数Ⅰa①,数学教員1,3
88,１年数学Ⅰ1-12,1年1組,1数Ⅰa,数学教員2,3
123,１年数学Ⅰ1-12,1年2組,1数Ⅰa②,数学教員5,3
100,１年数学Ⅰ1-34,1年3組,1数Ⅰb①,数学教員3,3
115,１年数学Ⅰ1-34,1年4組,1数Ⅰb②,数学教員4,3
124,１年数学Ⅰ1-34,1年3組,1数Ⅰb,数学教員5,3
89,１年数学A1-12,1年2組,1数Aa①,数学教員2,2
116,１年数学A1-12,1年2組,1数Aa②,数学教員4,2
125,１年数学A1-12,1年1組,1数Aa,数学教員5,2
75,１年数学A1-34,1年4組,1数Ab①,数学教員1,2
90,１年数学A1-34,1年4組,1数Ab②,数学教員2,2
117,１年数学A1-34,1年3組,1数Ab,数学教員4,2
182,１年体育1-12,1年1組,1体育a①,体育教員2,3
193,１年体育1-12,1年1組,1体育a,体育教員3,3
204,１年体育1-12,1年2組,1体育a②,体育教員5,3
183,１年体育1-34,1年3組,1体育b,体育教員2,3
196,１年体育1-34,1年3組,1体育b①,体育教員4,3
205,１年体育1-34,1年4組,1体育b②,体育教員5,3
4,２年２系列10,2年1組,2国基f,国語教員1,2
42,２年２系列10,2年2組,2地域f,社会教員1,2
103,２年２系列10,2年1組,2数Bc,数学教員3,2
298,２年２系列10,2年2組,2基英f,英語教員5,2
365,２年２系列10,2年3組,2ビ基f,商業教員2,2
132,２年２系列１,2年1組,2地基d,理科教員1,1
162,２年２系列１,2年1組,2化基c,理科教員3,1
216,２年２系列１,2年1組,2音Ⅱe,音楽教員1,1
228,２年２系列１,2年2組,2書Ⅱe,書道教員1,1
245,２年２系列１,2年2組,2美Ⅱe,美術教員2,1
296,２年２系列１,2年3組,2基英e,英語教員5,1
327,２年２系列１,2年3組,2食文e,家庭教員2,1
343,２年２系列１,2年3組,2メデe,情報教員1,1
2,２年２系列２,2年1組,2古講d,国語教員1,1
133,２年２系列２,2年1組,2物基c,理科教員1,1
176,２年２系列２,2年1組,2ス概e,体育教員1,1
217,２年２系列２,2年1組,2ソルe,音楽教員1,1
229,２年２系列２,2年2組,2書創e,書道教員1,1
246,２年２系列２,2年2組,2色彩e,美術教員2,1
311,２年２系列２,2年3組,2保育e,家庭教員1,1
344,２年２系列２,2年3組,2情処e①,情報教員1,1
351,２年２系列２,2年3組,2情処e②,商業教員1,1
76,２年２系列３,2年2組,2数演d,数学教員1,1
92,２年２系列３,2年2組,2数演e①,数学教員2,1
101,２年２系列３,2年1組,2数Ⅱd,数学教員3,1
118,２年２系列３,2年3組,2数演e②,数学教員4,1
126,２年２系列３,2年3組,2数演e③,数学教員5,1
163,２年２系列３,2年1組,2化基c,理科教員3,1
77,２年２系列４,2年1組,2数Ⅱc,数学教員1,1
134,２年２系列４,2年1組,2地基d,理科教員1,1
177,２年２系列４,2年1組,2ス概e,体育教員1,1
218,２年２系列４,2年2組,2ソルe,音楽教員1,1
230,２年２系列４,2年2組,2書創e,書道教員1,1
247,２年２系列４,2年2組,2色彩e,美術教員2,1
312,２年２系列４,2年3組,2保育e,家庭教員1,1
345,２年２系列４,2年3組,2情処e①,情報教員1,1
352,２年２系列４,2年3組,2情処e②,商業教員1,1
3,２年２系列５,2年1組,2古講d,国語教員1,1
78,２年２系列５,2年1組,2数Ⅱc,数学教員1,1
135,２年２系列５,2年2組,2地基e①,理科教員1,1
147,２年２系列５,2年2組,2地基e②,理科教員2,1
164,２年２系列５,2年3組,2地基e③,理科教員3,1
79,２年２系列６,2年1組,2数Ⅱc,数学教員1,1
136,２年２系列６,2年2組,2地基e①,理科教員1,1
148,２年２系列６,2年3組,2地基e②,理科教員2,1
165,２年２系列６,2年3組,2地基e③,理科教員3,1
252,２年２系列６,2年2組,2論表d,英語教員1,1
137,２年２系列７,2年1組,2物基c,理科教員1,1
219,２年２系列７,2年1組,2音Ⅱe,音楽教員1,1
231,２年２系列７,2年2組,2書Ⅱe,書道教員1,1
248,２年２系列７,2年2組,2美Ⅱe,美術教員2,1
253,２年２系列７,2年1組,2論表d,英語教員1,1
297,２年２系列７,2年2組,2基英e,英語教員5,1
328,２年２系列７,2年3組,2食文e,家庭教員2,1
346,２年２系列７,2年3組,2メデe,情報教員1,1
138,２年２系列８,2年1組,2地基d,理科教員1,1
166,２年２系列８,2年1組,2化基c,理科教員3,1
178,２年２系列８,2年1組,2ス概e,体育教員1,1
220,２年２系列８,2年2組,2ソルe,音楽教員1,1
232,２年２系列８,2年2組,2書創e,書道教員1,1
249,２年２系列８,2年2組,2色彩e,美術教員2,1
313,２年２系列８,2年3組,2保育e,家庭教員1,1
347,２年２系列８,2年3組,2情処e①,情報教員1,1
353,２年２系列８,2年3組,2情処e②,商業教員1,1
80,２年２系列９,2年2組,2数演d,数学教員1,1
93,２年２系列９,2年2組,2数演e①,数学教員2,1
102,２年２系列９,2年1組,2数Ⅱd,数学教員3,1
119,２年２系列９,2年3組,2数演e②,数学教員4,1
127,２年２系列９,2年3組,2数演e③,数学教員5,1
139,２年２系列９,2年1組,2物基c,理科教員1,1
266,２年英ALTⅡ,2年2組,2英A①,英語教員2,1
277,２年英ALTⅡ,2年3組,2英A②,英語教員3,1
289,２年英ALTⅡ,2年1組,2英A,英語教員4,1
295,２年英ALTⅡ,2年1組,2英A,英語教員5,1
303,２年英ALTⅡ,2年3組,2英A③,ALT,1
265,２年英コミⅡ,2年3組,2英Ⅱ①,英語教員2,3
276,２年英コミⅡ,2年3組,2英Ⅱ②,英語教員3,3
288,２年英コミⅡ,2年1組,2英Ⅱ,英語教員4,3
294,２年英コミⅡ,2年2組,2英Ⅱ,英語教員5,3
87,２年系列73,2年1組,2数Ⅱc,数学教員1,1
144,２年系列73,2年2組,2地基e①,理科教員1,1
159,２年系列73,2年3組,2地基e②,理科教員2,1
171,２年系列73,2年3組,2地基e③,理科教員3,1
261,２年系列73,2年2組,2論表d,英語教員1,1
13,２年総探Ⅰ２１,2年1組,2総探1①,国語教員2,2
54,２年総探Ⅰ２１,2年1組,2総探1②,社会教員2,2
91,２年総探Ⅰ２１,2年1組,2総探1③,数学教員2,2
174,２年総探Ⅰ２２,2年2組,2総探2①,体育教員1,2
197,２年総探Ⅰ２２,2年2組,2総探2②,体育教員4,2
293,２年総探Ⅰ２３,2年3組,2総探2①,英語教員5,2
326,２年総探Ⅰ２３,2年3組,2総探2②,家庭教員2,2
184,２年体育２a,2年1組,2体育a①,体育教員2,2
198,２年体育２a,2年1組,2体育a②,体育教員4,2
175,２年体育２ｂ,2年2組,2体育ｂ,体育教員1,2
199,２年体育２ｂ,2年2組,2体育ｂ,体育教員4,2
206,２年体育２ｂ,2年3組,2体育b,体育教員5,2
141,３年３系列10,3年1組,3物理c,理科教員1,1
153,３年３系列10,3年1組,3生物c,理科教員2,1
200,３年３系列10,3年1組,3スⅡe①,体育教員4,1
210,３年３系列10,3年2組,3スⅡe②,体育教員5,1
223,３年３系列10,3年2組,3演研e,音楽教員1,1
235,３年３系列10,3年2組,3書表e,書道教員1,1
241,３年３系列10,3年3組,3造表e,美術教員1,1
257,３年３系列10,3年1組,3英Ⅲd,英語教員1,1
316,３年３系列10,3年3組,3保育e,家庭教員1,1
349,３年３系列10,3年3組,3情デe,情報教員1,1
33,３年３系列１,3年1組,3古講d,国語教員4,1
128,３年３系列１,3年2組,3基数e,数学教員5,1
221,３年３系列１,3年2組,3音Ⅲe,音楽教員1,1
233,３年３系列１,3年2組,3書Ⅲe,書道教員1,1
239,３年３系列１,3年3組,3美Ⅲe,美術教員1,1
267,３年３系列１,3年1組,3英Ⅲc,英語教員2,1
354,３年３系列１,3年3組,3簿記e,商業教員1,1
7,３年３系列11,3年2組,3現研e①,国語教員1,1
24,３年３系列11,3年2組,3現研e②,国語教員3,1
95,３年３系列11,3年1組,3数Cc,数学教員2,1
258,３年３系列11,3年1組,3英Ⅲd①,英語教員1,1
280,３年３系列11,3年3組,3発英e,英語教員3,1
305,３年３系列11,3年1組,3英Ⅲd②,ALT,1
359,３年３系列11,3年3組,3マーe,商業教員1,1
45,３年３系列12,3年2組,3日探f,社会教員1,1
57,３年３系列12,3年2組,3世探f,社会教員2,1
67,３年３系列12,3年3組,3地探f,社会教員3,1
168,３年３系列12,3年1組,3化学c,理科教員3,1
360,３年３系列12,3年3組,3ビコf,商業教員1,1
84,３年３系列13,3年2組,3数演e①,数学教員1,1
96,３年３系列13,3年1組,3数Ⅱd,数学教員2,1
107,３年３系列13,3年2組,3数演e②,数学教員3,1
120,３年３系列13,3年3組,3数演d,数学教員4,1
129,３年３系列13,3年3組,3数演e③,数学教員5,1
169,３年３系列13,3年1組,3化学c,理科教員3,1
85,３年３系列14,3年1組,3応数c,数学教員1,1
108,３年３系列14,3年1組,3数Ⅲc,数学教員3,1
130,３年３系列14,3年2組,3基数e,数学教員5,1
224,３年３系列14,3年2組,3音Ⅲe,音楽教員1,1
236,３年３系列14,3年2組,3書Ⅲe,書道教員1,1
242,３年３系列14,3年3組,3美Ⅲe,美術教員1,1
259,３年３系列14,3年1組,3英Ⅲd,英語教員1,1
361,３年３系列14,3年3組,3簿記e,商業教員1,1
8,３年３系列15,3年1組,3現研d,国語教員1,1
16,３年３系列15,3年2組,3国表e,国語教員2,1
142,３年３系列15,3年1組,3物理c,理科教員1,1
155,３年３系列15,3年1組,3生物c,理科教員2,1
188,３年３系列15,3年2組,3レクe,体育教員2,1
331,３年３系列15,3年3組,3フーe,家庭教員2,1
367,３年３系列15,3年3組,3原価e,商業教員2,1
46,３年３系列16,3年2組,3日探f,社会教員1,1
58,３年３系列16,3年2組,3世探f,社会教員2,1
68,３年３系列16,3年3組,3地探f,社会教員3,1
154,３年３系列16,3年1組,3日探f,社会教員1,1
272,３年３系列16,3年1組,3英Ⅲc,英語教員2,1
362,３年３系列16,3年3組,3ビコf,商業教員1,1
86,３年３系列17,3年1組,3数演e①,数学教員1,1
97,３年３系列17,3年2組,3数Ⅱd,数学教員2,1
109,３年３系列17,3年2組,3数演e②,数学教員3,1
121,３年３系列17,3年3組,3数演d,数学教員4,1
131,３年３系列17,3年3組,3数演e③,数学教員5,1
170,３年３系列17,3年1組,3化学c,理科教員3,1
17,３年３系列18,3年1組,3国表e,国語教員2,1
143,３年３系列18,3年1組,3物理c,理科教員1,1
157,３年３系列18,3年1組,3生物c,理科教員2,1
281,３年３系列18,3年2組,3発英d,英語教員3,1
317,３年３系列18,3年2組,3フ造e,家庭教員1,1
332,３年３系列18,3年3組,3フーe,家庭教員2,1
363,３年３系列18,3年3組,3ソフe,商業教員1,1
43,３年３系列２,3年2組,3日探f,社会教員1,1
55,３年３系列２,3年2組,3世探f,社会教員2,1
65,３年３系列２,3年3組,3地探f,社会教員3,1
268,３年３系列２,3年1組,3英Ⅲc①,英語教員2,1
304,３年３系列２,3年1組,3英Ⅲc②,ALT,1
355,３年３系列２,3年3組,3ビコf,商業教員1,1
149,３年３系列３,3年1組,3生基d,理科教員2,1
186,３年３系列３,3年1組,3スⅡe①,体育教員2,1
209,３年３系列３,3年2組,3スⅡe②,体育教員5,1
222,３年３系列３,3年2組,3演研e,音楽教員1,1
234,３年３系列３,3年2組,3書表e,書道教員1,1
240,３年３系列３,3年3組,3造表e,美術教員1,1
269,３年３系列３,3年1組,3英Ⅲc,英語教員2,1
314,３年３系列３,3年3組,3保育e,家庭教員1,1
348,３年３系列３,3年3組,3情デe,情報教員1,1
14,３年３系列４,3年2組,3国表e,国語教員2,1
94,３年３系列４,3年1組,3数Cc,数学教員2,1
187,３年３系列４,3年2組,3レクe,体育教員2,1
254,３年３系列４,3年1組,3英Ⅲd,英語教員1,1
329,３年３系列４,3年3組,3フーe,家庭教員2,1
366,３年３系列４,3年3組,3原価e,商業教員2,1
15,３年３系列５,3年1組,3国表e,国語教員2,1
81,３年３系列５,3年1組,3応数c,数学教員1,1
104,３年３系列５,3年1組,3数Ⅲc,数学教員3,1
150,３年３系列５,3年2組,3生基d,理科教員2,1
315,３年３系列５,3年2組,3フ造e,家庭教員1,1
330,３年３系列５,3年3組,3フーe,家庭教員2,1
356,３年３系列５,3年3組,3ソフe,商業教員1,1
44,３年３系列６,3年2組,3日探f,社会教員1,1
56,３年３系列６,3年2組,3世探f,社会教員2,1
66,３年３系列６,3年3組,3地探f,社会教員3,1
151,３年３系列６,3年1組,3ビコf,商業教員1,1
167,３年３系列６,3年1組,3化学c,理科教員3,1
357,３年３系列６,3年3組,3ビコf,商業教員1,1
5,３年３系列７,3年2組,3現研d,国語教員1,1
140,３年３系列７,3年1組,3物理c,理科教員1,1
152,３年３系列７,3年1組,3生物c,理科教員2,1
255,３年３系列７,3年2組,3論表e①,英語教員1,1
270,３年３系列７,3年3組,3論表e②,英語教員2,1
299,３年３系列７,3年3組,3論表e③,英語教員5,1
6,３年３系列８,3年1組,3現研e①,国語教員1,1
23,３年３系列８,3年2組,3現研e②,国語教員3,1
34,３年３系列８,3年2組,3古講d,国語教員4,1
82,３年３系列８,3年1組,3応数c,数学教員1,1
105,３年３系列８,3年1組,3数Ⅲc,数学教員3,1
278,３年３系列８,3年3組,3発英e,英語教員3,1
358,３年３系列８,3年3組,3マーe,商業教員1,1
83,３年３系列９,3年1組,3応数c,数学教員1,1
106,３年３系列９,3年1組,3数Ⅲc,数学教員3,1
256,３年３系列９,3年2組,3論表e①,英語教員1,1
271,３年３系列９,3年3組,3論表e②,英語教員2,1
279,３年３系列９,3年2組,3発英d,英語教員3,1
300,３年３系列９,3年3組,3論表e③,英語教員5,1
47,３年ｇ群,3年1組,3世研g,社会教員1,2
69,３年ｇ群,3年1組,3日研g,社会教員3,2
98,３年ｇ群,3年1組,3総数g,数学教員2,2
158,３年ｇ群,3年2組,3生基g,理科教員2,2
201,３年ｇ群,3年2組,3スⅣg,体育教員4,2
211,３年ｇ群,3年2組,3レクg,体育教員5,2
290,３年ｇ群,3年3組,3現英g,英語教員4,2
364,３年ｇ群,3年3組,3ネ活g,商業教員1,2
25,３年総探Ⅱ1,3年1組,3松Ⅱ1,国語教員3,1
35,３年総探Ⅱ1,3年1組,3松Ⅱ2,国語教員4,1
48,３年総探Ⅱ1,3年1組,3松Ⅱ3,社会教員1,1
225,３年総探Ⅱ1,3年2組,3松Ⅱ8,音楽教員1,1
237,３年総探Ⅱ1,3年2組,3松Ⅱ7,書道教員1,1
260,３年総探Ⅱ1,3年2組,3松Ⅱ5,英語教員1,1
273,３年総探Ⅱ1,3年3組,3松Ⅱ6,英語教員2,1
282,３年総探Ⅱ1,3年3組,3松Ⅱ4,英語教員3,1
194,３年体育３a,3年1組,3体育a,体育教員3,2
207,３年体育３a,3年1組,3体育a,体育教員5,2
185,３年体育３ｂ,3年3組,3体育b,体育教員2,2
195,３年体育３ｂ,3年2組,3体育ｂ,体育教員3,2
208,３年体育３ｂ,3年3組,3体育ｂ,体育教員5,2
9,,1年2組,1言文2,国語教員1,2
10,,1年4組,1言文4,国語教員1,2
11,,3年2組,3論国2,国語教員1,2
18,,2年3組,2論国3,国語教員2,2
19,,2年1組,2文国1,国語教員2,2
20,,3年1組,3文国1,国語教員2,2
21,,3年2組,3文国2,国語教員2,2
26,,2年2組,2論国2,国語教員3,2
27,,2年3組,2文国3,国語教員3,2
28,,3年1組,3論国1,国語教員3,2
29,,3年3組,3論国3,国語教員3,2
30,,3年3組,3文国3,国語教員3,2
31,,3年3組,3LHR3,国語教員3,1
36,,1年1組,1言文1,国語教員4,2
37,,1年3組,1言文3,国語教員4,2
38,,2年1組,2論国1,国語教員4,2
39,,2年2組,2文国2,国語教員4,2
49,,1年2組,1公共2,社会教員1,2
50,,1年3組,1公共3,社会教員1,2
51,,1年4組,1公共4,社会教員1,2
52,,3年2組,3政経2,社会教員1,2
53,,3年3組,3政経3,社会教員1,2
59,,1年1組,1公共1,社会教員2,2
60,,2年1組,2地総1,社会教員2,2
61,,2年2組,2歴総2,社会教員2,2
62,,2年3組,2歴総3,社会教員2,2
63,,3年1組,3政経1,社会教員2,2
70,,1年1組,1LHR1,社会教員3,1
71,,2年2組,2地総2,社会教員3,2
72,,2年3組,2地総3,社会教員3,2
73,,2年1組,2歴総1,社会教員3,2
99,,2年1組,2LHR1,数学教員3,1
122,,1年3組,1LHR3,数学教員4,1
145,,1年1組,1科人1,理科教員1,2
146,,1年3組,1科人3,理科教員1,2
160,,1年4組,1科人4,理科教員2,2
172,,1年2組,1科人2,理科教員3,2
173,,1年2組,1LHR2,理科教員3,1
179,,2年1組,2保健1,体育教員1,1
180,,2年2組,2LHR2,体育教員1,1
189,,1年3組,1保健3,体育教員2,1
190,,1年4組,1保健4,体育教員2,1
191,,1年4組,1LHR4,体育教員2,1
202,,2年2組,2保健2,体育教員4,1
203,,2年3組,2保健3,体育教員4,1
212,,1年1組,1保健1,体育教員5,1
213,,1年2組,1保健2,体育教員5,1
238,,3年2組,3LHR2,書道教員1,1
262,,3年1組,3LHR1,英語教員1,1
318,,1年1組,1家基1,家庭教員1,1
319,,1年2組,1家基2,家庭教員1,1
333,,1年3組,1家基3,家庭教員2,1
334,,1年4組,1家基4,家庭教員2,1
335,,2年3組,2LHR3,家庭教員2,1
